,BENIGN,Bot,DDoS,DoS GoldenEye,DoS Hulk,DoS Slowhttptest,DoS slowloris,FTP-Patator,Heartbleed,Infiltration,PortScan,SSH-Patator,Web Attack  Brute Force,Web Attack  Sql Injection,Web Attack  XSS
BENIGN,454292,13,1,1,252,2,0,0,0,0,10,5,1,0,2
Bot,21,372,0,0,0,0,0,0,0,0,0,0,0,0,0
DDoS,8,0,25598,0,0,0,0,0,0,0,0,0,0,0,0
DoS GoldenEye,8,0,0,2048,1,2,0,0,0,0,0,0,0,0,0
DoS Hulk,329,0,0,0,45884,0,0,0,0,0,0,0,0,0,1
DoS Slowhttptest,7,0,0,0,0,1090,3,0,0,0,0,0,0,0,0
DoS slowloris,2,0,0,0,0,1,1154,0,0,0,0,0,2,0,0
FTP-Patator,0,0,0,0,0,0,0,1587,0,0,0,0,1,0,0
Heartbleed,0,0,0,0,0,0,0,0,2,0,0,0,0,0,0
Infiltration,3,0,0,0,0,0,0,0,0,4,0,0,0,0,0
PortScan,2,0,0,0,12,0,0,0,0,0,31769,0,3,0,0
SSH-Patator,9,0,0,0,0,0,0,0,0,0,0,1171,0,0,0
Web Attack  Brute Force,7,0,0,0,0,0,0,0,0,0,1,0,269,0,24
Web Attack  Sql Injection,2,0,0,0,0,0,0,0,0,0,0,0,1,1,0
Web Attack  XSS,4,0,0,1,1,0,0,0,0,0,0,0,46,0,78
