split,feature_set,seed,macro_f1,accuracy
Random_Stratified,Full,42,0.9071935100263289,0.9993676118337844
Random_Stratified,Full,43,0.9114756277106739,0.9994082401237926
Random_Stratified,Full,44,0.9099314312803437,0.9994047072290093
Random_Stratified,Minus_Port,42,0.8612304796850734,0.9986115723501523
Random_Stratified,Minus_Port,43,0.8616134600203005,0.9986310032714606
Random_Stratified,Minus_Port,44,0.8414346053103628,0.9986380690610273
Temporal,Full,42,0.7400962485894559,0.9751495302999792
Temporal,Full,43,0.7349471419125393,0.9773028372778243
Temporal,Full,44,0.7367521368589912,0.9788679151960941
Temporal,Minus_Port,42,0.7910863731689816,0.9736604098879008
Temporal,Minus_Port,43,0.7889610695681822,0.9734007412039442
Temporal,Minus_Port,44,0.7880232987074247,0.976182905674909
