kind,split,variant,quantity,point,ci_low,ci_high,std_error,excludes_zero
metric,Random_Stratified,Full,macro_f1,0.9071935100263289,0.8133922424138972,0.9443711172204465,0.03267301480035412,True
metric,Random_Stratified,Full,accuracy,0.9993676118337844,0.9992987203855095,0.9994312039398843,3.365473132107398e-05,True
metric,Random_Stratified,Minus_Port,macro_f1,0.8612304796850734,0.7718043789129735,0.8952716331456534,0.031127415830346245,True
metric,Random_Stratified,Minus_Port,accuracy,0.9986115723501523,0.9985144177436107,0.9987087269566938,4.93932795081026e-05,True
metric,Random_Stratified,Minus_TCP_window,macro_f1,0.9054696336959046,0.8114575340968718,0.9425825549004174,0.03267090415228511,True
metric,Random_Stratified,Minus_TCP_window,accuracy,0.9986062730079773,0.998507351954044,0.9987051940619105,5.009262962566865e-05,True
metric,Temporal,Full,macro_f1,0.7400962485894559,0.6550425626001083,0.784332519278877,0.03478827902500458,True
metric,Temporal,Full,accuracy,0.9751495302999792,0.9747379466036395,0.9755576252503948,0.00020663880890689276,True
metric,Temporal,Minus_Port,macro_f1,0.7910863731689816,0.710570439786435,0.8380252371140593,0.035291917638691384,True
metric,Temporal,Minus_Port,accuracy,0.9736604098879008,0.9732470155765881,0.9740719935842405,0.0002115426459269802,True
metric,Temporal,Minus_TCP_window,macro_f1,0.7423249599090342,0.6593569609915252,0.7842855851075627,0.03397290676941906,True
metric,Temporal,Minus_TCP_window,accuracy,0.9764337420907039,0.9760345235697908,0.9768258947970875,0.00020073873983181896,True
ablation_delta,Random_Stratified,Minus_Port,macro_f1(Minus_Port) - macro_f1(Full),-0.045963030341255484,-0.06135783239755389,-0.034685585343494724,0.006766927102197758,True
ablation_delta,Random_Stratified,Minus_TCP_window,macro_f1(Minus_TCP_window) - macro_f1(Full),-0.0017238763304242566,-0.004943114463473275,0.0015697075386968686,0.0016644995884377977,False
ablation_delta,Temporal,Minus_Port,macro_f1(Minus_Port) - macro_f1(Full),0.050990124579525675,0.008208874192015252,0.08634482373850733,0.02002128993170042,True
ablation_delta,Temporal,Minus_TCP_window,macro_f1(Minus_TCP_window) - macro_f1(Full),0.002228711319578358,-0.005878300510154205,0.023571091650243105,0.008504394624542042,False
interaction,Random_minus_Temporal,Minus_Port,delta_Random - delta_Temporal (Minus_Port),-0.09695315492078116,-0.1350284422673444,-0.05160150532407256,0.0210930391086712,True
interaction,Random_minus_Temporal,Minus_TCP_window,delta_Random - delta_Temporal (Minus_TCP_window),-0.003952587650002615,-0.02592708280643841,0.005769020649215045,0.008659158161753461,False
