,Random_Stratified,Random_Stratified,Random_Stratified,Random_Stratified,Temporal,Temporal,Temporal,Temporal
,support,F1_full,F1_minusPort,delta_pp,support,F1_full,F1_minusPort,delta_pp
label,,,,,,,,
BENIGN,454579,99.9707,99.9317,-0.0391,454579,98.5871,98.4969,-0.0902
Bot,393,95.8974,83.3559,-12.5415,393,49.5262,48.9694,-0.5568
DDoS,25606,99.9844,99.9629,-0.0215,25605,85.2949,84.6128,-0.6821
DoS GoldenEye,2059,99.7324,99.5136,-0.2188,2059,96.5452,96.9311,0.3858
DoS Hulk,46214,99.7977,99.7793,-0.0183,46214,96.8222,95.5017,-1.3206
DoS Slowhttptest,1100,99.4083,97.0865,-2.3218,1100,36.5109,92.9032,56.3923
DoS slowloris,1159,99.6546,99.6116,-0.043,1159,70.0111,76.4176,6.4064
FTP-Patator,1588,99.9685,99.8107,-0.1578,1588,99.7791,99.7475,-0.0316
Heartbleed,2,100.0,100.0,0.0,2,66.6667,66.6667,0.0
Infiltration,7,72.7273,72.7273,0.0,7,72.7273,83.3333,10.6061
PortScan,31786,99.9607,99.6799,-0.2807,31786,98.5934,98.3671,-0.2264
SSH-Patator,1180,99.9576,99.6602,-0.2975,1179,97.9221,97.389,-0.533
Web Attack  Brute Force,301,86.7742,77.0898,-9.6844,301,82.5,76.8,-5.7
Web Attack  Sql Injection,4,40.0,33.3333,-6.6667,4,57.1429,40.0,-17.1429
Web Attack  XSS,130,66.9565,30.303,-36.6535,130,1.5152,30.4933,28.9781
