label,precision,recall,f1-score,support
BENIGN,0.9924581816557607,0.9775924536769186,0.9849692303088938,454579.0
Bot,0.32450331125827814,0.9974554707379135,0.4896939412866958,393.0
DDoS,0.7347296947377506,0.99734426869752,0.8461283589012956,25605.0
DoS GoldenEye,0.9430408819476344,0.9970859640602234,0.9693106704438149,2059.0
DoS Hulk,0.9977368631980952,0.9158047344960402,0.955016754481965,46214.0
DoS Slowhttptest,0.8816326530612245,0.9818181818181818,0.9290322580645162,1100.0
DoS slowloris,0.9903846153846154,0.6220880069025022,0.7641759406465288,1159.0
FTP-Patator,1.0,0.9949622166246851,0.9974747474747475,1588.0
Heartbleed,1.0,0.5,0.6666666666666666,2.0
Infiltration,1.0,0.7142857142857143,0.8333333333333334,7.0
PortScan,0.9699379185907826,0.9977977726042911,0.9836706210746685,31786.0
SSH-Patator,1.0,0.9491094147582697,0.9738903394255874,1179.0
Web Attack  Brute Force,0.7407407407407407,0.7973421926910299,0.768,301.0
Web Attack  Sql Injection,1.0,0.25,0.4,4.0
Web Attack  XSS,0.3655913978494624,0.26153846153846155,0.30493273542600896,130.0
